Base Name;Cell Position;Fiber Position;Label;Index
TL3_001;(-176.77308654785156, 15.761553764343262, 112.11492919921875);(-143.17076110839844, 14.278904914855957, 100.5846939086914);0;100
TL3_001;(84.20814514160156, 83.76155090332031, -221.60763549804688);(70.60216522216797, 68.2789077758789, -190.5771484375);1;100
TL3_002;(-176.95867919921875, 11.6087064743042, 104.79461669921875);(-145.88803100585938, 9.975462913513184, 91.25452423095703);0;101
TL3_002;(87.21184539794922, 107.60870361328125, -213.39334106445312);(71.60456085205078, 87.9754638671875, -173.22610473632812);1;101
TL3_003;(-179.10256958007812, 10.216167449951172, 101.79364776611328);(-146.0721435546875, 8.654305458068848, 87.26500701904297);0;102
TL3_003;(88.1139144897461, 94.2161636352539, -191.73385620117188);(75.55535125732422, 80.23108673095703, -159.7349853515625);1;102
TL3_004;(-170.9129180908203, 21.471778869628906, 106.6130142211914);(-138.29637145996094, 16.97260856628418, 96.00074768066406);0;103
TL3_004;(91.3445816040039, 97.4717788696289, -198.6326446533203);(78.2177505493164, 83.97261047363281, -169.99925231933594);1;103
TL3_005;(-169.37371826171875, 6.641026973724365, 120.07758331298828);(-135.7447967529297, 5.091846466064453, 109.49934387207031);0;104
TL3_005;(88.35064697265625, 110.64102935791016, -216.60133361816406);(72.80866241455078, 91.09185028076172, -190.77232360839844);1;104
TL3_006;(-170.90235900878906, 7.190646171569824, 108.29253387451172);(-139.43043518066406, 6.73589563369751, 97.54138946533203);0;105
TL3_006;(101.09764099121094, 99.19064331054688, -191.72959899902344);(85.63817596435547, 84.73589324951172, -163.92718505859375);1;105
TL3_007;(-176.58448791503906, 3.982304811477661, 105.9221420288086);(-148.26539611816406, 5.531254768371582, 88.8766860961914);0;106
TL3_007;(79.25245666503906, 99.98230743408203, -168.61685180664062);(68.73461151123047, 90.53125762939453, -136.89285278320312);1;106
TL3_008;(-180.38507080078125, -4.194937229156494, 107.90802764892578);(-150.0030975341797, -3.6248486042022705, 94.75425720214844);0;107
TL3_008;(127.61492919921875, 107.80506134033203, -161.243408203125);(106.99691009521484, 92.544189453125, -141.51634216308594);1;107
TL3_009;(-178.55941772460938, 21.809062957763672, 113.14325714111328);(-150.88845825195312, 22.297470092773438, 91.55110168457031);0;108
TL3_009;(122.37126159667969, 121.8090591430664, -110.85674285888672);(101.98084259033203, 105.29747009277344, -86.44889831542969);1;108
TL3_010;(-180.09463500976562, 44.224212646484375, 73.53646850585938);(-151.34283447265625, 39.70770263671875, 69.0430679321289);0;109
TL3_010;(169.42466735839844, 84.22421264648438, -128.8727569580078);(138.36676025390625, 73.70770263671875, -112.9569320678711);1;109
TL3_011;(-181.8440399169922, 50.978878021240234, 90.94756317138672);(-152.47183227539062, 46.50072479248047, 76.39449310302734);0;110
TL3_011;(143.370361328125, 89.15658569335938, -125.05243682861328);(120.92303466796875, 77.23055267333984, -100.60550689697266);1;110
TL3_012;(-183.78196716308594, 30.566242218017578, 80.94580841064453);(-153.5743865966797, 27.07284164428711, 70.38809967041016);0;111
TL3_012;(143.3964385986328, 94.56623840332031, -139.05418395996094);(119.01502227783203, 81.07283782958984, -116.17337799072266);1;111
TL3_013;(-175.9566650390625, 37.2781982421875, 108.10627746582031);(-143.4187774658203, 31.78215217590332, 98.56785583496094);0;112
TL3_013;(132.0433349609375, 109.2781982421875, -164.06211853027344);(108.76642608642578, 90.78215026855469, -147.67771911621094);1;112
TL3_014;(-186.98590087890625, 42.663734436035156, 84.35100555419922);(-157.53237915039062, 40.23044204711914, 69.2730484008789);0;113
TL3_014;(132.4791717529297, 98.66373443603516, -119.64899444580078);(109.46762084960938, 88.23043823242188, -94.02835083007812);1;113
TL3_015;(-182.45822143554688, 11.983513832092285, 84.57606506347656);(-152.35877990722656, 10.543534278869629, 73.97589111328125);0;114
TL3_015;(140.76792907714844, 104.15581512451172, -143.42393493652344);(116.26567840576172, 87.68708801269531, -124.02410888671875);1;114
TL3_016;(-189.05938720703125, 28.2828369140625, 63.189659118652344);(-155.32286071777344, 23.74102210998535, 58.695831298828125);0;115
TL3_016;(174.96722412109375, 100.2828369140625, -116.81034088134766);(142.48019409179688, 84.74102020263672, -107.30416870117188);1;115
TL3_017;(-190.03860473632812, 28.952974319458008, 67.51460266113281);(-159.579833984375, 25.57412338256836, 61.007015228271484);0;116
TL3_017;(168.53990173339844, 101.61337280273438, -120.48539733886719);(140.03802490234375, 87.57412719726562, -106.2266616821289);1;116
TL3_018;(-191.1144561767578, 30.39051628112793, 67.1003189086914);(-160.2264862060547, 26.883785247802734, 60.597145080566406);0;117
TL3_018;(172.66551208496094, 102.39051818847656, -120.8996810913086);(144.23004150390625, 88.8837890625, -102.4028549194336);1;117
TL3_019;(-201.54080200195312, 61.776100158691406, 52.2254753112793);(-154.8790740966797, 47.390838623046875, 42.598968505859375);0;118
TL3_019;(147.12867736816406, 137.77609252929688, -118.24185180664062);(122.22943115234375, 116.39083862304688, -99.40103149414062);1;118
TL3_020;(-176.77737426757812, 26.6185359954834, 102.4085464477539);(-147.72543334960938, 20.201515197753906, 99.74933624267578);0;119
TL3_020;(170.35183715820312, 106.61853790283203, -153.59144592285156);(143.00619506835938, 92.2015151977539, -149.2506561279297);1;119
TL3_021;(-190.65928649902344, 34.29833221435547, 84.31420135498047);(-158.25413513183594, 29.502513885498047, 77.89752197265625);0;120
TL3_021;(169.34071350097656, 99.36925506591797, -131.685791015625);(140.88516235351562, 85.50251770019531, -121.10247802734375);1;120
TL3_022;(-196.36048889160156, 25.320236206054688, 69.45421600341797);(-165.1837615966797, 22.096166610717773, 63.000484466552734);0;121
TL3_022;(171.0987548828125, 97.91340637207031, -118.54578399658203);(143.37388610839844, 84.0961685180664, -103.99951934814453);1;121
TL3_023;(-184.78245544433594, 33.49748992919922, 77.00361633300781);(-154.0934295654297, 28.106863021850586, 73.52632904052734);0;122
TL3_023;(174.59718322753906, 109.49748992919922, -118.99638366699219);(144.98330688476562, 93.10686492919922, -108.47367095947266);1;122
TL3_024;(-187.51930236816406, 26.799463272094727, 88.98140716552734);(-159.14877319335938, 20.382457733154297, 86.4717025756836);0;123
TL3_024;(192.66966247558594, 110.7994613647461, -118.29877471923828);(161.2106170654297, 95.38246154785156, -116.5282974243164);1;123
TL3_002;(-153.21112060546875, 123.60870361328125, -87.20538330078125);(-125.9715347290039, 104.9754638671875, -79.74547576904297);2;101
TL3_003;(-155.88607788085938, 137.3197784423828, -74.20635223388672);(-128.67283630371094, 116.65430450439453, -67.73499298095703);2;102
TL3_004;(-147.4892120361328, 137.47177124023438, -69.3869857788086);(-119.77925109863281, 115.97261047363281, -64.99925231933594);2;103
TL3_005;(-155.4796905517578, 122.64102935791016, -71.92241668701172);(-124.19133758544922, 100.6809310913086, -67.50065612792969);2;104
TL3_006;(-151.45669555664062, 131.19064331054688, -80.95548248291016);(-123.67931365966797, 110.73589324951172, -74.45861053466797);2;105
TL3_007;(-172.74754333496094, 139.9822998046875, -59.49945831298828);(-143.43768310546875, 122.53125762939453, -52.56193923950195);2;106
TL3_008;(-146.83180236816406, 135.80506896972656, -77.01561737060547);(-121.30467987060547, 114.37515258789062, -68.51634216308594);2;107
TL3_009;(-184.45867919921875, 157.80906677246094, -54.85674285888672);(-151.03309631347656, 138.29747009277344, -46.44889831542969);2;108
TL3_010;(-102.57533264160156, 172.22421264648438, -97.30482482910156);(-82.22927856445312, 144.70770263671875, -87.08040618896484);2;109
TL3_011;(-137.0164031982422, 174.9788818359375, -81.05243682861328);(-112.07696533203125, 150.7378692626953, -69.60550689697266);2;110
TL3_012;(-136.36036682128906, 157.34523010253906, -83.05419158935547);(-111.98497772216797, 134.4066162109375, -72.61190032958984);2;111
TL3_013;(-143.9566650390625, 152.21661376953125, -64.03483581542969);(-112.36544799804688, 122.78215026855469, -58.67771911621094);2;112
TL3_014;(-144.9484405517578, 178.65777587890625, -75.64899444580078);(-118.53237915039062, 155.50491333007812, -64.14800262451172);2;113
TL3_015;(-139.23207092285156, 151.9835205078125, -68.24455261230469);(-112.73432159423828, 128.83262634277344, -60.02410888671875);2;114
TL3_016;(-113.44903564453125, 159.26849365234375, -80.81034088134766);(-90.96398162841797, 133.34188842773438, -70.30416870117188);2;115
TL3_017;(-119.4601058959961, 166.01162719726562, -68.48539733886719);(-98.96197509765625, 140.07418823242188, -59.992984771728516);2;116
TL3_018;(-118.22373962402344, 166.8437957763672, -80.8996810913086);(-94.58064270019531, 137.8837890625, -70.4028549194336);2;117
TL3_019;(-146.71974182128906, 177.77609252929688, -79.77452087402344);(-101.54962158203125, 135.39083862304688, -66.40103149414062);2;118
TL3_020;(-107.80510711669922, 146.6185302734375, -77.5914535522461);(-86.01924133300781, 120.2015151977539, -73.25066375732422);2;119
TL3_021;(-114.65928649902344, 156.65525817871094, -63.685794830322266);(-93.89788055419922, 131.5025177001953, -58.10247802734375);2;120
TL3_022;(-113.74785614013672, 173.3202362060547, -66.54578399658203);(-91.46684265136719, 145.82974243164062, -58.999515533447266);2;121
TL3_023;(-107.9855728149414, 170.77984619140625, -78.99638366699219);(-88.60342407226562, 144.3484344482422, -73.47367095947266);2;122
TL3_024;(-99.33032989501953, 153.2012939453125, -87.01859283447266);(-77.96085357666016, 127.14472961425781, -81.5282974243164);2;123
TL3_001;(-147.79185485839844, 124.19560241699219, -87.88507080078125);(-120.55675506591797, 104.2789077758789, -80.4153060913086);2;100
TL3_001;(147.80760192871094, -48.23844528198242, 144.11492919921875);(120.45342254638672, -44.72109603881836, 129.58470153808594);3;100
TL3_006;(164.3626251220703, -48.80935287475586, 127.04451751708984);(133.04151916503906, -45.264102935791016, 112.54138946533203);3;105
TL3_007;(171.25245666503906, -48.017696380615234, 115.7401351928711);(142.73460388183594, -45.12165451049805, 95.43805694580078);3;106
TL3_008;(154.55377197265625, -48.19493865966797, 154.98439025878906);(122.43401336669922, -44.624847412109375, 130.48365783691406);3;107
TL3_009;(176.9286346435547, -50.19093704223633, 117.14325714111328);(143.76109313964844, -46.70252990722656, 89.56819152832031);3;108
TL3_010;(116.73133850097656, -83.77578735351562, 157.53646850585938);(93.77072143554688, -76.29229736328125, 138.20750427246094);3;109
TL3_011;(163.370361328125, -93.0211181640625, 120.24080657958984);(126.92303466796875, -78.49927520751953, 90.29610443115234);3;110
TL3_012;(147.63963317871094, -65.43376159667969, 134.79689025878906);(123.68729400634766, -58.92715835571289, 113.38809967041016);3;111
TL3_013;(144.0433349609375, -74.7218017578125, 129.40431213378906);(116.14075469970703, -67.21784973144531, 113.32228088378906);3;112
TL3_014;(158.47438049316406, -89.33626556396484, 124.35100555419922);(130.46762084960938, -76.76956176757812, 97.35053253173828);3;113
TL3_015;(154.34226989746094, -76.01648712158203, 132.57606506347656);(127.44551849365234, -64.45646667480469, 115.97589111328125);3;114
TL3_016;(134.55096435546875, -91.7171630859375, 143.9228057861328);(107.60700225830078, -77.25897979736328, 125.69583129882812);3;115
TL3_017;(137.7151641845703, -95.04702758789062, 135.5146026611328);(112.93414306640625, -80.42587280273438, 117.00701141357422);3;116
TL3_018;(139.6946563720703, -85.60948181152344, 135.10031127929688);(114.78134155273438, -73.1162109375, 116.5971450805664);3;117
TL3_019;(135.12867736816406, -74.2238998413086, 131.09190368652344);(113.90426635742188, -65.60916137695312, 115.59896850585938);3;118
TL3_020;(119.42945098876953, -85.38146209716797, 158.40855407714844);(90.13046264648438, -74.7984848022461, 147.7493438720703);3;119
TL3_021;(131.0746612548828, -87.03986358642578, 156.314208984375);(104.82421112060547, -77.49748229980469, 134.89752197265625);3;120
TL3_023;(131.0571746826172, -102.50251007080078, 145.0036163330078);(101.17044067382812, -89.89313507080078, 126.52632904052734);3;122
TL3_024;(113.90694427490234, -105.2005386352539, 148.9813995361328);(85.37139129638672, -91.61753845214844, 135.47169494628906);3;123
TL3_002;(163.21185302734375, -46.54636764526367, 124.79461669921875);(134.1807098388672, -42.0245361328125, 110.25452423095703);3;101
TL3_003;(156.50189208984375, -49.78383255004883, 137.7936553955078);(130.09181213378906, -44.34569549560547, 119.26500701904297);3;102
TL3_004;(144.6629180908203, -46.528221130371094, 138.61302185058594);(117.7398452758789, -43.02738952636719, 124.00074768066406);3;103
TL3_005;(155.8731689453125, -49.35897445678711, 136.07757568359375);(127.80866241455078, -45.72115707397461, 125.49934387207031);3;104